{"cameraMode":{"drawMode":0,"name":"Shaded","section":"Shading Mode"},"sceneLighting":false,"audioPlay":false,"sceneViewState":{"m_AlwaysRefresh":false,"showFog":true,"showSkybox":false,"showFlares":true,"showImageEffects":true,"showParticleSystems":true,"showVisualEffectGraphs":true,"m_FxEnabled":true},"in2DMode":false,"pivot":{"x":0.0009300112724304199,"y":-1.2630817890167237,"z":2.852388858795166},"rotation":{"x":-0.15598639845848084,"y":0.008070710115134716,"z":-0.0008841111557558179,"w":-0.9878407120704651},"size":1.8113003969192505,"orthographic":false}